HP Toners,,Brother Toners,,Dell Toners,
,,,,,
CF211A,6,TN-225C,4,1320 SERIES / 2130CN / 2135CN DRUM,1
CF213A,6,TB-225Y,4,3110CN / 3115CN CYAN,2
CF212A,6,TN-221BK,4,3110CN / 3115CN YELLOW,1
CF210A,3,TN-225M,4,3110CN / 3115CN BLACK,3
CE322A,6,TN-580,2,3110CN / 3115CN MAG,3
CE323A,5,DR-520,1,3130CN YELLOW,2
CE321A,6,DR-600,1,3130 CN MAG,1
CE220A,3,TN-350,2,3130CN CYAN,1
CF226A,3,BR-221CL,4,3130CN BLACK,0
CE505A,2,TN-650,1,3330DN / C233R BLACK,3
CF280X,3,TN-660,1,2330D/DN / 2350D/DN BLACK,1
CF287XC,6,DR-630,1,,
W2022A,1,DR-620,3,,
W2020A,1,TN-750,2,,
W2023A,1,TN-210C,4,,
W2021A,1,TN-210M,4,,
CF411A,1,TN-210Y,4,,
CF412A,1,TN-210BK,4,,
CF413A,1,,,,
CF410A,0,,,,
CE413A,2,,,,
CE412A,2,,,,
CE410A,1,,,,
CE411A,2,,,,
